{"cameraMode":{"drawMode":0,"name":"Shaded","section":"Shading Mode"},"sceneLighting":true,"audioPlay":false,"sceneViewState":{"showFog":true,"showMaterialUpdate":false,"showSkybox":true,"showFlares":true,"showImageEffects":true,"showParticleSystems":true},"in2DMode":false,"pivot":{"x":74.10095977783203,"y":11.90625,"z":62.118656158447269},"rotation":{"x":0.4617699980735779,"y":0.08491454273462296,"z":-0.044466644525527957,"w":0.8818077445030212},"size":2758.98681640625,"orthographic":true}